Gene,Chromosome,Mapped Chromosomes
BLACE,chr7,"chr1, chr10, chr11, chr12, chr13, chr14, chr15, chr16, chr17, chr18, chr19, chr2, chr20, chr22, chr3, chr4, chr5, chr6, chr7, chr8, chr9"
FAM30A,chr14,chr14
LINC00459,chr13,chr13
LINC01671,chr21,chr21
MIR3689A,chr9,chr9
MIR4538,chr14,chr14
RCCD1-AS1,chr15,chr15
RNU5D-1,chr1,chr1
RNU5E-1,chr1,chr1
RNU5F-1,chr1,chr1
RNU6-9,chr15,"chr1, chr10, chr11, chr14, chr15, chr16, chr17, chr18, chr19, chr2, chr20, chr22, chr3, chr4, chr6, chr7, chr9"
SNAR-A1,chr19,chr19
SNAR-B2,chr19,chr19
SNAR-C3,chr19,chr19
SNAR-C4,chr19,chr19
SNAR-F,chr19,chr19
SNAR-G1,chr19,chr19
SNAR-G2,chr19,chr19
SNORD118,chr17,chr17
SNORD13,chr8,chr8
SYT15-AS1,chr10,chr10
TRA-AGC1-1,chr6,chr6
TRA-AGC11-1,chr6,chr6
TRA-AGC15-1,chr14,"chr14, chr2, chr6, chr8"
TRA-AGC20-1,chr1,chr1
TRA-AGC4-1,chr6,"chr12, chr6"
TRA-AGC5-1,chr6,"chr2, chr6"
TRA-CGC2-1,chr6,"chr12, chr6"
TRA-CGC4-1,chr6,"chr2, chr6"
TRA-CGC5-1-001,chr6,"chr12, chr6"
TRA-TGC4-1,chr12,"chr12, chr2, chr5, chr6"
TRC-GCA11-1,chr7,"chr1, chr17, chr3, chr4, chr7"
TRC-GCA4-1,chr17,"chr1, chr17, chr3, chr4, chr7"
TRD-GTC2-8,chr1,"chr1, chr12, chr17, chr5, chr6, chr9"
TRE-TTC2-1,chr13,"chr13, chr15, chr2"
TRE-TTC3-1,chr1,"chr1, chr6"
TRE-TTC5-1,chr1,chr1
TRF-GAA1-4,chr12,"chr11, chr12, chr13, chr18, chr19, chr6"
TRF-GAA2-1,chr11,"chr11, chr12, chr13, chr18, chr19, chr6"
TRG-CCC2-1,chr16,"chr16, chr2"
TRG-CCC5-1,chr1,"chr1, chr16, chr17"
TRG-CCC6-1,chr1,"chr1, chr16, chr2, chr21, chr6"
TRG-TCC1-1,chr19,"chr1, chr17, chr19"
TRG1,chr1,"chr1, chr16, chr2, chr21, chr6"
TRI-AAT4-1,chr17,"chr17, chr6"
TRI-AAT5-1,chr6,"chr14, chr17, chr6"
TRK-CTT3-1,chr16,"chr1, chr14, chr16, chr18, chr19, chr5, chr7"
TRK-TTT3-2,chr1,"chr1, chr11, chr12, chr17, chr6"
TRK-TTT4-1,chr6,"chr1, chr11, chr14, chr16, chr6"
TRK-TTT7-1,chr6,"chr1, chr11, chr17, chr6"
TRL-AAG2-4,chr5,"chr14, chr16, chr5, chr6"
TRL-TAA4-1,chr6,chr6
TRL-TAG2-1,chr14,"chr14, chr16, chr5, chr6"
TRM-CAT2-1,chr16,"chr16, chr6"
TRM-CAT3-2,chr6,"chr16, chr6"
TRN-GTT2-4,chr1,"chr1, chr10, chr13, chr17"
TRP-AGG1-1,chr16,"chr1, chr11, chr14, chr16, chr6, chr7"
TRP-TGG2-1,chr11,"chr1, chr11, chr14, chr16, chr17, chr5"
TRQ-CTG6-1,chr6,"chr1, chr15, chr6"
TRQ-TTG2-1,chr6,"chr17, chr6"
TRR-ACG2-3,chr3,"chr3, chr6, chr9"
TRR-TCG1-1,chr15,"chr15, chr16, chr17, chr6, chr9"
TRR-TCG3-1,chr17,"chr15, chr16, chr17, chr6, chr9"
TRS-AGA2-6,chr6,"chr17, chr6, chr8"
TRT-AGT1-2,chr17,"chr17, chr19, chr6"
TRT-TGT2-1,chr1,"chr1, chr14"
TRT-TGT5-1,chr14,"chr1, chr14"
TRV-AAC5-1,chr6,"chr1, chr3, chr5, chr6"
TRV-CAC1-5,chr1,"chr1, chr19, chr5, chr6"
TRV-TAC1-1,chr11,"chr10, chr11"
TRV,chr5,"chr1, chr19, chr5, chr6"
TRX-CAT1-5,chr1,"chr1, chr6"
Val-tRNA,chr1,"chr1, chr3, chr5, chr6"
lnc-SLCO4A1-8,chr20,chr20
tRNA-Ala-CGC-1-1,chr6,"chr12, chr5, chr6"
tRNA-Ala-CGC-3-1,chr2,"chr12, chr2, chr5, chr6"
tRNA-Ala-TGC-2-1,chr6,"chr12, chr5, chr6"
tRNA-Ala-TGC-3-1,chr5,"chr12, chr5, chr6"
tRNA-Arg-ACG-1-2,chr6,"chr14, chr4, chr5, chr6"
tRNA-Arg-CCT-2-1,chr17,chr17
tRNA-Arg-CCT-3-1,chr16,"chr16, chr17, chr7"
tRNA-Arg-TCG-4-1,chr6,"chr16, chr17, chr6"
tRNA-Asn-GTT-1-1,chr1,"chr1, chr19"
tRNA-Asn-GTT-3-2,chr1,"chr1, chr19"
tRNA-Asn-GTT-4-1,chr1,"chr1, chr19"
tRNA-Asp-GTC-1-1,chr12,"chr12, chr6"
tRNA-Gln-CTG-2-1,chr6,"chr1, chr15, chr6"
tRNA-Gln-TTG-3-1,chr6,"chr15, chr6"
tRNA-Glu-CTC-1-2,chr1,"chr1, chr2, chr6"
tRNA-Glu-TTC-4-1,chr1,"chr1, chr13, chr6"
tRNA-Gly-CCC-4-1,chr1,chr1
tRNA-Gly-GCC-2-4,chr1,"chr1, chr16, chr2, chr21, chr6"
tRNA-Gly-TCC-3-1,chr17,"chr1, chr17, chr19"
tRNA-Ile-AAT-1-1,chr6,"chr14, chr17, chr6"
tRNA-Ile-AAT-12-1,chr6,"chr14, chr17, chr6"
tRNA-Ile-AAT-2-1,chr6,"chr14, chr17, chr6"
tRNA-Leu-CAG-2-2,chr16,"chr1, chr16, chr6"
tRNA-Leu-TAG-3-1,chr16,"chr16, chr17, chr5, chr6"
tRNA-Lys-CTT-1-2,chr14,"chr1, chr14, chr16, chr18, chr19, chr5"
tRNA-Lys-CTT-2-1,chr1,"chr1, chr15, chr16, chr5, chr6"
tRNA-Lys-CTT-5-1,chr16,"chr1, chr16, chr19, chr5"
tRNA-Lys-TTT-1-1,chr16,"chr1, chr11, chr14, chr16, chr6"
tRNA-Lys-TTT-5-1,chr11,"chr1, chr11, chr12, chr17, chr6"
tRNA-Lys-TTT-6-1,chr6,"chr1, chr11, chr16, chr6"
tRNA-Met-CAT-6-1,chr16,"chr16, chr6, chr8"
tRNA-Pro-AGG-2-4,chr11,"chr1, chr11, chr14, chr16, chr6, chr7"
tRNA-Pro-TGG-1-1,chr14,"chr1, chr11, chr14, chr16, chr6, chr7"
tRNA-Pro-TGG-3-3,chr5,"chr1, chr11, chr14, chr16, chr17, chr5"
tRNA-Ser-CGA-2-1,chr6,"chr10, chr6"
tRNA-Ser-GCT-2-1,chr6,"chr11, chr17, chr6"
tRNA-Ser-TGA-2-1,chr6,chr6
tRNA-Ser,chr6,"chr17, chr6, chr8"
tRNA-Thr-CGT-5-1,chr6,chr6
tRNA-Thr-CGT-6-1,chr6,chr6
tRNA-Thr-TGT-1-1,chr6,"chr17, chr6"
tRNA-Thr-TGT-4-1,chr14,"chr14, chr5"
tRNA-Val-AAC-3-1,chr6,"chr1, chr5, chr6"
tRNA-Val-CAC-1-3,chr1,"chr1, chr19, chr5, chr6"
tRNA-Val-CAC-2-1,chr6,"chr1, chr19, chr5, chr6"
tRNA-Val-CAC-3-1,chr19,"chr1, chr19, chr5, chr6"
tRNA-iMet-CAT-2-1,chr6,"chr1, chr6"
