GENE,NUM_VARIATIONS,VARIATION_TYPES
RNU5E-1,186,"snv(115), ins(28), del(5), delins(38)"
RNU5D-1,149,"del(6), snv(99), delins(25), ins(19)"
SNORD118,222,"delins(60), snv(135), del(7), ins(20)"
SNAR-B2,153,"delins(25), snv(112), del(4), ins(12)"
TRG-CCC5-1,67,"snv(54), delins(3), mnv(2), del(4), ins(4)"
MIR4538,96,"delins(26), del(9), snv(60), ins(1)"
SNAR-C4,143,"snv(114), delins(17), ins(11), del(1)"
RNU5F-1,164,"snv(114), ins(16), delins(26), del(8)"
TRK-TTT3-2,81,"snv(69), delins(8), del(2), ins(2)"
TRE-TTC3-1,69,"delins(3), snv(64), del(2)"
TRG1,75,"snv(67), ins(3), del(1), delins(4)"
TRA-CGC5-1-001,75,"snv(56), delins(6), ins(4), del(9)"
tRNA-Gly-CCC-4-1,79,"mnv(3), snv(66), delins(3), ins(3), del(4)"
tRNA-Glu-CTC-1-2,78,"snv(67), del(2), delins(6), ins(3)"
tRNA-Ile-AAT-12-1,78,"delins(4), snv(71), del(1), ins(2)"
tRNA-Gly-GCC-2-4,76,"snv(68), delins(7), ins(1)"
tRNA-Pro-AGG-2-4,84,"delins(8), snv(68), del(3), ins(5)"
TRG-CCC6-1,81,"snv(64), del(4), delins(6), ins(7)"
TRA-TGC4-1,93,"delins(12), snv(70), del(3), ins(8)"
TRP-AGG1-1,82,"snv(69), ins(9), delins(4)"
TRK-CTT3-1,82,"snv(68), del(3), delins(7), ins(4)"
tRNA-Glu-TTC-4-1,65,"snv(57), ins(2), delins(5), del(1)"
tRNA-Thr-CGT-5-1,91,"snv(70), delins(9), ins(11), del(1)"
TRG-TCC1-1,88,"snv(69), ins(9), delins(8), del(2)"
SNORD13,130,"snv(103), delins(16), ins(7), del(3), mnv(1)"
tRNA-Val-CAC-3-1,88,"snv(69), ins(9), delins(8), del(2)"
tRNA-Thr-TGT-4-1,91,"snv(71), delins(9), ins(9), del(2)"
TRV-TAC1-1,81,"snv(68), ins(7), del(1), delins(5)"
SNAR-A1,116,"snv(102), delins(4), ins(5), del(5)"
LINC00459,43,"snv(38), delins(3), ins(1), del(1)"
tRNA-Pro-TGG-1-1,90,"snv(67), ins(9), del(6), delins(8)"
FAM30A,770,"snv(690), delins(44), del(25), ins(11)"
tRNA-Gln-CTG-2-1,86,"delins(14), snv(63), ins(8), del(1)"
tRNA-Arg-CCT-3-1,90,"snv(68), delins(12), del(4), ins(6)"
TRV,86,"snv(70), delins(7), ins(7), del(2)"
TRF-GAA1-4,81,"delins(8), snv(67), ins(6)"
tRNA-iMet-CAT-2-1,80,"delins(6), snv(68), ins(5), del(1)"
SNAR-C3,89,"snv(78), delins(7), ins(4)"
TRA-AGC11-1,76,"snv(69), delins(3), ins(4)"
TRL-TAG2-1,92,"del(5), snv(78), ins(4), delins(5)"
tRNA-Met-CAT-6-1,82,"snv(70), delins(7), ins(4), del(1)"
TRM-CAT3-2,92,"del(3), snv(70), delins(11), ins(8)"
tRNA-Leu-CAG-2-2,95,"snv(78), ins(9), delins(5), del(3)"
TRA-AGC1-1,79,"delins(9), snv(69), ins(1)"
tRNA-Gly-TCC-3-1,88,"del(4), snv(69), delins(6), ins(9)"
tRNA-Lys-CTT-5-1,76,"snv(69), delins(5), ins(1), del(1)"
tRNA-Ile-AAT-2-1,91,"snv(68), del(6), ins(4), delins(13)"
TRA-CGC4-1,79,"delins(6), snv(70), del(2), ins(1)"
TRK-TTT4-1,77,"snv(69), ins(2), delins(5), del(1)"
SNAR-G2,129,"delins(12), snv(98), del(6), ins(13)"
tRNA-Asn-GTT-1-1,70,"del(1), snv(63), delins(4), ins(2)"
TRE-TTC2-1,76,"delins(6), snv(68), del(2)"
tRNA-Leu-TAG-3-1,89,"delins(6), snv(76), ins(7)"
Val-tRNA,60,"snv(54), delins(4), ins(2)"
TRA-AGC20-1,27,"snv(19), delins(1), del(5), ins(2)"
tRNA-Pro-TGG-3-3,76,"snv(68), delins(5), del(1), ins(2)"
tRNA-Arg-ACG-1-2,77,"delins(4), snv(69), ins(4)"
TRM-CAT2-1,84,"snv(69), delins(9), ins(5), del(1)"
tRNA-Thr-CGT-6-1,76,"del(2), snv(62), delins(7), ins(5)"
TRA-AGC5-1,70,"snv(61), ins(5), del(1), delins(3)"
tRNA-Val-CAC-2-1,81,"snv(66), delins(7), ins(6), del(2)"
tRNA-Lys-CTT-1-2,81,"delins(6), snv(69), del(2), ins(4)"
TRI-AAT4-1,87,"snv(69), delins(12), del(4), ins(2)"
tRNA-Lys-TTT-1-1,70,"delins(5), snv(64), ins(1)"
TRA-AGC4-1,78,"snv(68), delins(7), ins(3)"
tRNA-Lys-CTT-2-1,67,"snv(62), delins(3), del(2)"
TRI-AAT5-1,80,"delins(7), snv(70), ins(3)"
tRNA-Thr-TGT-1-1,87,"snv(69), ins(10), del(1), delins(7)"
tRNA-Asp-GTC-1-1,84,"del(2), delins(9), snv(67), ins(6)"
tRNA-Lys-TTT-6-1,69,"snv(64), ins(4), delins(1)"
TRF-GAA2-1,76,"snv(69), delins(5), ins(2)"
TRP-TGG2-1,82,"delins(8), snv(67), del(4), ins(3)"
TRT-TGT5-1,77,"snv(67), delins(6), del(1), ins(3)"
TRR-TCG1-1,75,"snv(66), delins(3), del(1), ins(5)"
MIR3689A,67,"delins(21), snv(40), del(4), ins(2)"
tRNA-Ala-CGC-3-1,65,"delins(2), snv(61), ins(2)"
TRE-TTC5-1,64,"snv(57), ins(4), delins(1), mnv(2)"
TRV-AAC5-1,81,"snv(65), ins(7), delins(7), del(2)"
TRR-ACG2-3,87,"delins(7), snv(69), del(5), ins(6)"
TRT-AGT1-2,85,"snv(67), ins(12), delins(6)"
TRL-TAA4-1,99,"delins(8), snv(72), ins(14), del(5)"
tRNA-Ala-TGC-3-1,71,"snv(63), ins(3), delins(5)"
SYT15-AS1,621,"snv(431), delins(145), del(35), ins(10)"
TRR-TCG3-1,80,"snv(67), delins(7), ins(4), del(2)"
TRS-AGA2-6,173,"snv(138), ins(18), delins(12), del(5)"
tRNA-Ser-TGA-2-1,84,"delins(4), snv(74), ins(6)"
lnc-SLCO4A1-8,422,"delins(120), snv(261), ins(11), del(30)"
tRNA-Ile-AAT-1-1,76,"snv(68), delins(4), ins(2), del(1), mnv(1)"
tRNA-Gln-TTG-3-1,68,"delins(3), snv(62), ins(3)"
TRQ-CTG6-1,78,"delins(4), snv(67), ins(6), del(1)"
TRK-TTT7-1,68,"snv(64), delins(4)"
TRT-TGT2-1,65,"snv(61), delins(3), ins(1)"
TRV-CAC1-5,66,"snv(56), mnv(1), del(1), ins(4), delins(4)"
tRNA-Ala-CGC-1-1,78,"delins(3), snv(69), del(2), ins(4)"
TRX-CAT1-5,67,"snv(57), delins(4), ins(5), del(1)"
tRNA-Val-CAC-1-3,75,"delins(8), snv(58), ins(9)"
SNAR-G1,124,"delins(12), snv(104), ins(5), del(3)"
tRNA-Arg-TCG-4-1,82,"snv(65), delins(8), ins(7), del(2)"
TRC-GCA11-1,71,"delins(8), snv(59), ins(3), del(1)"
TRD-GTC2-8,44,"snv(42), delins(2)"
TRA-AGC15-1,70,"snv(63), delins(3), ins(4)"
tRNA-Ser-GCT-2-1,83,"snv(76), ins(4), del(1), delins(2)"
tRNA-Ser,90,"snv(70), delins(10), ins(10)"
RNU6-9,116,"delins(11), snv(90), ins(14), del(1)"
TRC-GCA4-1,79,"snv(60), delins(8), ins(11)"
TRL-AAG2-4,82,"snv(75), delins(6), del(1)"
TRN-GTT2-4,52,"snv(47), delins(1), ins(4)"
TRA-CGC2-1,68,"snv(60), delins(4), ins(2), del(2)"
RCCD1-AS1,107,"snv(70), delins(25), ins(3), del(9)"
TRG-CCC2-1,72,"snv(62), delins(6), ins(3), del(1)"
TRQ-TTG2-1,68,"delins(3), del(3), snv(57), ins(5)"
tRNA-Val-AAC-3-1,75,"snv(65), ins(6), delins(4)"
tRNA-Ala-TGC-2-1,71,"snv(63), delins(4), del(3), ins(1)"
tRNA-Asn-GTT-4-1,54,"snv(48), delins(3), ins(3)"
tRNA-Ser-CGA-2-1,75,"snv(62), ins(9), del(1), delins(3)"
tRNA-Asn-GTT-3-2,57,"snv(48), delins(6), ins(3)"
LINC01671,1080,"snv(628), delins(311), del(79), ins(60), mnv(2)"
SNAR-F,107,"snv(87), del(2), delins(13), ins(5)"
BLACE,96,"delins(16), snv(76), del(4)"
tRNA-Lys-TTT-5-1,65,"snv(59), delins(5), ins(1)"
tRNA-Arg-CCT-2-1,84,"delins(11), snv(69), ins(3), del(1)"
